[
    {
        "pk": 20,
        "model": "contenttypes.contenttype",
        "fields": {
            "model": "",
            "name": "document type",
            "app_label": "rule"
        }
    },
    {
        "pk": 59,
        "model": "auth.permission",
        "fields": {
            "codename": "Adlibre Invoices",
            "name": "Can interact Adlibre Invoices",
            "content_type": 20
        }
    },
    {
        "pk": 63,
        "model": "auth.permission",
        "fields": {
            "codename": "Credit Card Scans",
            "name": "Can interact Credit Card Scans",
            "content_type": 20
        }
    },
    {
        "pk": 61,
        "model": "auth.permission",
        "fields": {
            "codename": "Fax Tiff documents",
            "name": "Can interact Fax Tiff documents",
            "content_type": 20
        }
    },
    {
        "pk": 58,
        "model": "auth.permission",
        "fields": {
            "codename": "No doccode",
            "name": "Can interact No doccode",
            "content_type": 20
        }
    },
    {
        "pk": 62,
        "model": "auth.permission",
        "fields": {
            "codename": "Project Gutenberg eBooks",
            "name": "Can interact Project Gutenberg eBooks",
            "content_type": 20
        }
    },
    {
        "pk": 64,
        "model": "auth.permission",
        "fields": {
            "codename": "Test Doc Type 2",
            "name": "Can interact Test Doc Type 2",
            "content_type": 20
        }
    },
    {
        "pk": 65,
        "model": "auth.permission",
        "fields": {
            "codename": "Test Doc Type 3",
            "name": "Can interact Test Doc Type 3",
            "content_type": 20
        }
    },
    {
        "pk": 60,
        "model": "auth.permission",
        "fields": {
            "codename": "Test PDFs",
            "name": "Can interact Test PDFs",
            "content_type": 20
        }
    },

    {
        "pk": 19,
        "model": "auth.permission",
        "fields": {
            "codename": "add_site",
            "name": "Can add site",
            "content_type": 7
        }
    },
    {
        "pk": 20,
        "model": "auth.permission",
        "fields": {
            "codename": "change_site",
            "name": "Can change site",
            "content_type": 7
        }
    },
    {
        "pk": 21,
        "model": "auth.permission",
        "fields": {
            "codename": "delete_site",
            "name": "Can delete site",
            "content_type": 7
        }
    },
    {
        "pk": 4,
        "model": "auth.permission",
        "fields": {
            "codename": "add_group",
            "name": "Can add group",
            "content_type": 2
        }
    },
    {
        "pk": 5,
        "model": "auth.permission",
        "fields": {
            "codename": "change_group",
            "name": "Can change group",
            "content_type": 2
        }
    },
    {
        "pk": 6,
        "model": "auth.permission",
        "fields": {
            "codename": "delete_group",
            "name": "Can delete group",
            "content_type": 2
        }
    },
    {
        "pk": 10,
        "model": "auth.permission",
        "fields": {
            "codename": "add_message",
            "name": "Can add message",
            "content_type": 4
        }
    },
    {
        "pk": 11,
        "model": "auth.permission",
        "fields": {
            "codename": "change_message",
            "name": "Can change message",
            "content_type": 4
        }
    },
    {
        "pk": 12,
        "model": "auth.permission",
        "fields": {
            "codename": "delete_message",
            "name": "Can delete message",
            "content_type": 4
        }
    },
    {
        "pk": 1,
        "model": "auth.permission",
        "fields": {
            "codename": "add_permission",
            "name": "Can add permission",
            "content_type": 1
        }
    },
    {
        "pk": 2,
        "model": "auth.permission",
        "fields": {
            "codename": "change_permission",
            "name": "Can change permission",
            "content_type": 1
        }
    },
    {
        "pk": 3,
        "model": "auth.permission",
        "fields": {
            "codename": "delete_permission",
            "name": "Can delete permission",
            "content_type": 1
        }
    },
    {
        "pk": 7,
        "model": "auth.permission",
        "fields": {
            "codename": "add_user",
            "name": "Can add user",
            "content_type": 3
        }
    },
    {
        "pk": 8,
        "model": "auth.permission",
        "fields": {
            "codename": "change_user",
            "name": "Can change user",
            "content_type": 3
        }
    },
    {
        "pk": 9,
        "model": "auth.permission",
        "fields": {
            "codename": "delete_user",
            "name": "Can delete user",
            "content_type": 3
        }
    },
    {
        "pk": 13,
        "model": "auth.permission",
        "fields": {
            "codename": "add_contenttype",
            "name": "Can add content type",
            "content_type": 5
        }
    },
    {
        "pk": 14,
        "model": "auth.permission",
        "fields": {
            "codename": "change_contenttype",
            "name": "Can change content type",
            "content_type": 5
        }
    },
    {
        "pk": 15,
        "model": "auth.permission",
        "fields": {
            "codename": "delete_contenttype",
            "name": "Can delete content type",
            "content_type": 5
        }
    },
    {
        "pk": 34,
        "model": "auth.permission",
        "fields": {
            "codename": "add_resource",
            "name": "Can add resource",
            "content_type": 12
        }
    },
    {
        "pk": 35,
        "model": "auth.permission",
        "fields": {
            "codename": "change_resource",
            "name": "Can change resource",
            "content_type": 12
        }
    },
    {
        "pk": 36,
        "model": "auth.permission",
        "fields": {
            "codename": "delete_resource",
            "name": "Can delete resource",
            "content_type": 12
        }
    },
    {
        "pk": 40,
        "model": "auth.permission",
        "fields": {
            "codename": "add_token",
            "name": "Can add token",
            "content_type": 14
        }
    },
    {
        "pk": 41,
        "model": "auth.permission",
        "fields": {
            "codename": "change_token",
            "name": "Can change token",
            "content_type": 14
        }
    },
    {
        "pk": 42,
        "model": "auth.permission",
        "fields": {
            "codename": "delete_token",
            "name": "Can delete token",
            "content_type": 14
        }
    },
    {
        "pk": 37,
        "model": "auth.permission",
        "fields": {
            "codename": "add_consumer",
            "name": "Can add consumer",
            "content_type": 13
        }
    },
    {
        "pk": 38,
        "model": "auth.permission",
        "fields": {
            "codename": "change_consumer",
            "name": "Can change consumer",
            "content_type": 13
        }
    },
    {
        "pk": 39,
        "model": "auth.permission",
        "fields": {
            "codename": "delete_consumer",
            "name": "Can delete consumer",
            "content_type": 13
        }
    },
    {
        "pk": 43,
        "model": "auth.permission",
        "fields": {
            "codename": "add_documenttyperule",
            "name": "Can add document type rule",
            "content_type": 15
        }
    },
    {
        "pk": 44,
        "model": "auth.permission",
        "fields": {
            "codename": "change_documenttyperule",
            "name": "Can change document type rule",
            "content_type": 15
        }
    },
    {
        "pk": 45,
        "model": "auth.permission",
        "fields": {
            "codename": "delete_documenttyperule",
            "name": "Can delete document type rule",
            "content_type": 15
        }
    },
    {
        "pk": 52,
        "model": "auth.permission",
        "fields": {
            "codename": "add_consumer",
            "name": "Can add consumer",
            "content_type": 18
        }
    },
    {
        "pk": 53,
        "model": "auth.permission",
        "fields": {
            "codename": "change_consumer",
            "name": "Can change consumer",
            "content_type": 18
        }
    },
    {
        "pk": 54,
        "model": "auth.permission",
        "fields": {
            "codename": "delete_consumer",
            "name": "Can delete consumer",
            "content_type": 18
        }
    },
    {
        "pk": 46,
        "model": "auth.permission",
        "fields": {
            "codename": "add_nonce",
            "name": "Can add nonce",
            "content_type": 16
        }
    },
    {
        "pk": 47,
        "model": "auth.permission",
        "fields": {
            "codename": "change_nonce",
            "name": "Can change nonce",
            "content_type": 16
        }
    },
    {
        "pk": 48,
        "model": "auth.permission",
        "fields": {
            "codename": "delete_nonce",
            "name": "Can delete nonce",
            "content_type": 16
        }
    },
    {
        "pk": 49,
        "model": "auth.permission",
        "fields": {
            "codename": "add_resource",
            "name": "Can add resource",
            "content_type": 17
        }
    },
    {
        "pk": 50,
        "model": "auth.permission",
        "fields": {
            "codename": "change_resource",
            "name": "Can change resource",
            "content_type": 17
        }
    },
    {
        "pk": 51,
        "model": "auth.permission",
        "fields": {
            "codename": "delete_resource",
            "name": "Can delete resource",
            "content_type": 17
        }
    },
    {
        "pk": 55,
        "model": "auth.permission",
        "fields": {
            "codename": "add_token",
            "name": "Can add token",
            "content_type": 19
        }
    },
    {
        "pk": 56,
        "model": "auth.permission",
        "fields": {
            "codename": "change_token",
            "name": "Can change token",
            "content_type": 19
        }
    },
    {
        "pk": 57,
        "model": "auth.permission",
        "fields": {
            "codename": "delete_token",
            "name": "Can delete token",
            "content_type": 19
        }
    },
    {
        "pk": 25,
        "model": "auth.permission",
        "fields": {
            "codename": "add_flatpage",
            "name": "Can add flat page",
            "content_type": 9
        }
    },
    {
        "pk": 26,
        "model": "auth.permission",
        "fields": {
            "codename": "change_flatpage",
            "name": "Can change flat page",
            "content_type": 9
        }
    },
    {
        "pk": 27,
        "model": "auth.permission",
        "fields": {
            "codename": "delete_flatpage",
            "name": "Can delete flat page",
            "content_type": 9
        }
    },
    {
        "pk": 22,
        "model": "auth.permission",
        "fields": {
            "codename": "add_logentry",
            "name": "Can add log entry",
            "content_type": 8
        }
    },
    {
        "pk": 23,
        "model": "auth.permission",
        "fields": {
            "codename": "change_logentry",
            "name": "Can change log entry",
            "content_type": 8
        }
    },
    {
        "pk": 24,
        "model": "auth.permission",
        "fields": {
            "codename": "delete_logentry",
            "name": "Can delete log entry",
            "content_type": 8
        }
    },
    {
        "pk": 16,
        "model": "auth.permission",
        "fields": {
            "codename": "add_session",
            "name": "Can add session",
            "content_type": 6
        }
    },
    {
        "pk": 17,
        "model": "auth.permission",
        "fields": {
            "codename": "change_session",
            "name": "Can change session",
            "content_type": 6
        }
    },
    {
        "pk": 18,
        "model": "auth.permission",
        "fields": {
            "codename": "delete_session",
            "name": "Can delete session",
            "content_type": 6
        }
    },
    {
        "pk": 28,
        "model": "auth.permission",
        "fields": {
            "codename": "add_rule",
            "name": "Can add rule",
            "content_type": 10
        }
    },
    {
        "pk": 29,
        "model": "auth.permission",
        "fields": {
            "codename": "change_rule",
            "name": "Can change rule",
            "content_type": 10
        }
    },
    {
        "pk": 30,
        "model": "auth.permission",
        "fields": {
            "codename": "delete_rule",
            "name": "Can delete rule",
            "content_type": 10
        }
    },
    {
        "pk": 31,
        "model": "auth.permission",
        "fields": {
            "codename": "add_nonce",
            "name": "Can add nonce",
            "content_type": 11
        }
    },
    {
        "pk": 32,
        "model": "auth.permission",
        "fields": {
            "codename": "change_nonce",
            "name": "Can change nonce",
            "content_type": 11
        }
    },
    {
        "pk": 33,
        "model": "auth.permission",
        "fields": {
            "codename": "delete_nonce",
            "name": "Can delete nonce",
            "content_type": 11
        }
    },
    {
        "pk": 1, 
        "model": "auth.group", 
        "fields": {
            "name": "security", 
            "permissions": []
        }
    }, 
    {
        "pk": 2, 
        "model": "auth.group", 
        "fields": {
            "name": "api", 
            "permissions": []
        }
    },
    {
        "pk": 4,
        "model": "auth.group",
        "fields": {
            "name": "MUI Index interaction",
            "permissions": [
                59,
                63,
                61,
                58,
                62
            ]
        }
    },
    {
        "pk": 5,
        "model": "auth.group",
        "fields": {
            "name": "MUI Search interaction",
            "permissions": [
                64,
                65
            ]
        }
    },
    {
        "pk": 1, 
        "model": "auth.user", 
        "fields": {
            "username": "admin", 
            "first_name": "", 
            "last_name": "", 
            "is_active": true, 
            "is_superuser": true, 
            "is_staff": true, 
            "last_login": "2012-03-22 19:45:44", 
            "groups": [
                1, 
                2
            ], 
            "user_permissions": [], 
            "password": "sha1$90c1d$b19c7957811191cefea85adbe89223c7735266e9", 
            "email": "a@b.cc", 
            "date_joined": "2010-11-05 06:01:20"
        }
    },
    {
        "pk": 2,
        "model": "auth.user",
        "fields": {
            "username": "test_perms_1",
            "first_name": "",
            "last_name": "",
            "is_active": true,
            "is_superuser": false,
            "is_staff": false,
            "last_login": "2012-06-25 22:05:31",
            "groups": [
                1,
                2,
                5
            ],
            "user_permissions": [
                64,
                65
            ],
            "password": "sha1$e1ae4$93f05c23640b59fee4a7488d7f383b348c7cbde1",
            "email": "",
            "date_joined": "2012-06-23 01:24:03"
        }
    },
    {
        "pk": 3,
        "model": "auth.user",
        "fields": {
            "username": "test_perms_2",
            "first_name": "",
            "last_name": "",
            "is_active": true,
            "is_superuser": false,
            "is_staff": false,
            "last_login": "2012-06-25 21:15:08",
            "groups": [
                1,
                2,
                4
            ],
            "user_permissions": [
                59,
                60
            ],
            "password": "sha1$5b5aa$362cfd1e10dfa6ec9e614b2953d2fe6dc547460f",
            "email": "",
            "date_joined": "2012-06-23 01:24:26"
        }
    },
    {
        "pk": 2,
        "model": "dms_plugins.doccodepluginmapping", 
        "fields": {
            "before_retrieval_plugins": [
                5, 
                6, 
                7, 
                9, 
                15, 
                17, 
                24
            ], 
            "doccode": "2", 
            "storage_plugins": [
                4, 
                14
            ], 
            "database_storage_plugins": [
                23
            ], 
            "before_removal_plugins": [
                12, 
                13, 
                20, 
                22
            ], 
            "before_update_plugins": [
                19, 
                21,
                25
            ], 
            "active": true, 
            "before_storage_plugins": [
                1, 
                2, 
                3
            ]
        }
    }, 
    {
        "pk": 3,
        "model": "dms_plugins.doccodepluginmapping", 
        "fields": {
            "before_retrieval_plugins": [
                5, 
                6, 
                7, 
                9, 
                11, 
                15, 
                17
            ], 
            "doccode": "3",
            "storage_plugins": [
                4, 
                14
            ], 
            "database_storage_plugins": [], 
            "before_removal_plugins": [
                12, 
                13, 
                20
            ], 
            "before_update_plugins": [
                19, 
                21
            ], 
            "active": true, 
            "before_storage_plugins": [
                1, 
                2, 
                3, 
                10
            ]
        }
    }, 
    {
        "pk": 4,
        "model": "dms_plugins.doccodepluginmapping", 
        "fields": {
            "before_retrieval_plugins": [
                6, 
                7, 
                15, 
                17
            ], 
            "doccode": "4",
            "storage_plugins": [
                4, 
                14
            ], 
            "database_storage_plugins": [], 
            "before_removal_plugins": [
                12, 
                13, 
                20
            ], 
            "before_update_plugins": [
                19, 
                21
            ], 
            "active": true, 
            "before_storage_plugins": []
        }
    }, 
    {
        "pk": 5,
        "model": "dms_plugins.doccodepluginmapping", 
        "fields": {
            "before_retrieval_plugins": [
                6, 
                7, 
                15, 
                17
            ], 
            "doccode": "5",
            "storage_plugins": [
                4, 
                14
            ], 
            "database_storage_plugins": [], 
            "before_removal_plugins": [
                12, 
                13, 
                20
            ], 
            "before_update_plugins": [
                19, 
                21
            ], 
            "active": true, 
            "before_storage_plugins": [
                2
            ]
        }
    }, 
    {
        "pk": 6,
        "model": "dms_plugins.doccodepluginmapping", 
        "fields": {
            "before_retrieval_plugins": [
                6, 
                7, 
                15, 
                17
            ], 
            "doccode": "6",
            "storage_plugins": [
                4, 
                14
            ], 
            "database_storage_plugins": [], 
            "before_removal_plugins": [
                12, 
                13, 
                20
            ], 
            "before_update_plugins": [
                19, 
                21
            ], 
            "active": true, 
            "before_storage_plugins": [
                2
            ]
        }
    }, 
    {
        "pk": 1,
        "model": "dms_plugins.doccodepluginmapping",
        "fields": {
            "before_retrieval_plugins": [
                6,
                7,
                15
            ],
            "doccode": "1",
            "storage_plugins": [
                4,
                14
            ],
            "database_storage_plugins": [],
            "before_removal_plugins": [
                12,
                13,
                20
            ],
            "before_update_plugins": [
                21
            ],
            "active": true,
            "before_storage_plugins": [
                3
            ]
        }
    },
    {
        "pk": 7,
        "model": "dms_plugins.doccodepluginmapping",
        "fields": {
            "before_retrieval_plugins": [
                5,
                6,
                7,
                9,
                15,
                17,
                24
            ],
            "doccode": "7",
            "storage_plugins": [
                4,
                14
            ],
            "database_storage_plugins": [
                23
            ],
            "before_removal_plugins": [
                12,
                13,
                20,
                22
            ],
            "before_update_plugins": [
                19,
                21,
                25
            ],
            "active": true,
            "before_storage_plugins": [
                1,
                2,
                3
            ]
        }
    },
    {
        "pk": 8,
        "model": "dms_plugins.doccodepluginmapping",
        "fields": {
            "before_retrieval_plugins": [
                5,
                6,
                7,
                9,
                15,
                17,
                24
            ],
            "doccode": "8",
            "storage_plugins": [
                4,
                14
            ],
            "database_storage_plugins": [
                23
            ],
            "before_removal_plugins": [
                12,
                13,
                20,
                22
            ],
            "before_update_plugins": [
                19,
                21,
                25
            ],
            "active": true,
            "before_storage_plugins": [
                1,
                2,
                3
            ]
        }
    },
    {
        "pk": 1, 
        "model": "doc_codes.documenttyperule", 
        "fields": {
            "regex": "", 
            "sequence_last": 0, 
            "description": "This doccode is assigned to the files that have no other suitable doccode.", 
            "title": "No doccode", 
            "barcode_zfill": 0, 
            "split_string": "", 
            "active": false,
            "barcode_format": "", 
            "doccode_type": "1",
            "no_doccode": true
        }
    }, 
    {
        "pk": 3,
        "model": "doc_codes.documenttyperule", 
        "fields": {
            "regex": "[a-z]{5}[0-9]{3}", 
            "sequence_last": 0, 
            "description": "[a-z]{5}[0-9]{3}", 
            "title": "Test PDFs", 
            "barcode_zfill": 0, 
            "split_string": "0:5,5:8", 
            "active": true, 
            "barcode_format": "", 
            "doccode_type": "1",
            "no_doccode": false
        }
    }, 
    {
        "pk": 2,
        "model": "doc_codes.documenttyperule", 
        "fields": {
            "regex": "ADL-[0-9]{4}", 
            "sequence_last": 0, 
            "description": "ADL-[0-9]{4}]", 
            "title": "Adlibre Invoices", 
            "barcode_zfill": 4, 
            "split_string": "0:3,4:8", 
            "active": true, 
            "barcode_format": "ADL-%s", 
            "doccode_type": "1",
            "no_doccode": false
        }
    }, 
    {
        "pk": 4, 
        "model": "doc_codes.documenttyperule", 
        "fields": {
            "regex": "[0-9]{4}-[0-9]{2}-[0-9]{2}-[0-9]{1,9}", 
            "sequence_last": 0, 
            "description": "[0-9]{4}-[0-9]{2}-[0-9]{2}-[0-9]{1,9}", 
            "title": "Fax Tiff documents", 
            "barcode_zfill": 0, 
            "split_string": "0:4,5:7,8:10,11:20", 
            "active": true, 
            "barcode_format": "", 
            "doccode_type": "1",
            "no_doccode": false
        }
    }, 
    {
        "pk": 5, 
        "model": "doc_codes.documenttyperule", 
        "fields": {
            "regex": "[0-9]{1,6}", 
            "sequence_last": 0, 
            "description": "[0-9]{1,6}", 
            "title": "Project Gutenberg eBooks", 
            "barcode_zfill": 0, 
            "split_string": "", 
            "active": true, 
            "barcode_format": "", 
            "doccode_type": "3",
            "no_doccode": false
        }
    }, 
    {
        "pk": 6, 
        "model": "doc_codes.documenttyperule", 
        "fields": {
            "regex": "[0-9]{4}-[0-9]{4}-[0-9]{4}-[0-9]{4}", 
            "sequence_last": 0, 
            "description": "[0-9]{4}-[0-9]{4}-[0-9]{4}-[0-9]{4}", 
            "title": "Credit Card Scans", 
            "barcode_zfill": 0, 
            "split_string": "", 
            "active": true, 
            "barcode_format": "", 
            "doccode_type": "2",
            "no_doccode": false
        }
    },
    {
        "pk": 7,
        "model": "doc_codes.documenttyperule",
        "fields": {
            "regex": "BBB-[0-9]{4}",
            "sequence_last": 0,
            "description": "BBB-[0-9]{4}]",
            "title": "Test Doc Type 2",
            "barcode_zfill": 4,
            "split_string": "0:3,4:8",
            "active": true,
            "barcode_format": "BBB-%s",
            "doccode_type": "1",
            "no_doccode": false
        }
    },
    {
        "pk": 8,
        "model": "doc_codes.documenttyperule",
        "fields": {
            "regex": "CCC-[0-9]{4}",
            "sequence_last": 0,
            "description": "CCC-[0-9]{4}]",
            "title": "Test Doc Type 3",
            "barcode_zfill": 4,
            "split_string": "0:3,4:8",
            "active": true,
            "barcode_format": "CCC-%s",
            "doccode_type": "1",
            "no_doccode": false
        }
    },
    {
        "pk": 1, 
        "model": "djangoplugins.pluginpoint", 
        "fields": {
            "status": 0, 
            "name": "dms_plugins.pluginpoints.BeforeStoragePluginPoint"
        }
    }, 
    {
        "pk": 2, 
        "model": "djangoplugins.pluginpoint", 
        "fields": {
            "status": 0, 
            "name": "dms_plugins.pluginpoints.BeforeRetrievalPluginPoint"
        }
    }, 
    {
        "pk": 3, 
        "model": "djangoplugins.pluginpoint", 
        "fields": {
            "status": 0, 
            "name": "dms_plugins.pluginpoints.BeforeRemovalPluginPoint"
        }
    }, 
    {
        "pk": 4, 
        "model": "djangoplugins.pluginpoint", 
        "fields": {
            "status": 0, 
            "name": "dms_plugins.pluginpoints.BeforeUpdatePluginPoint"
        }
    }, 
    {
        "pk": 5, 
        "model": "djangoplugins.pluginpoint", 
        "fields": {
            "status": 0, 
            "name": "dms_plugins.pluginpoints.StoragePluginPoint"
        }
    }, 
    {
        "pk": 6, 
        "model": "djangoplugins.pluginpoint", 
        "fields": {
            "status": 0, 
            "name": "dms_plugins.pluginpoints.DatabaseStoragePluginPoint"
        }
    }, 
    {
        "pk": 1, 
        "model": "djangoplugins.plugin", 
        "fields": {
            "status": 0, 
            "index": 40, 
            "_order": 0, 
            "name": "dms_plugins.workers.transfer.gzip.GzipOnStorePlugin", 
            "point": 1
        }
    }, 
    {
        "pk": 5, 
        "model": "djangoplugins.plugin", 
        "fields": {
            "status": 0, 
            "index": 60, 
            "_order": 0, 
            "name": "dms_plugins.workers.transfer.gzip.GzipOnRetrievePlugin", 
            "point": 2
        }
    }, 
    {
        "pk": 12, 
        "model": "djangoplugins.plugin", 
        "fields": {
            "status": 0, 
            "index": 20, 
            "_order": 0, 
            "name": "dms_plugins.workers.storage.local.LocalRemovalPlugin", 
            "point": 3
        }
    }, 
    {
        "pk": 19, 
        "model": "djangoplugins.plugin", 
        "fields": {
            "status": 0, 
            "index": 10, 
            "_order": 0, 
            "name": "dms_plugins.workers.info.tags.TagsUpdatePlugin", 
            "point": 4
        }
    }, 
    {
        "pk": 23, 
        "model": "djangoplugins.plugin", 
        "fields": {
            "status": 0, 
            "index": 46, 
            "_order": 0, 
            "name": "dms_plugins.workers.database.couchdb.CouchDBMetadataStoragePlugin", 
            "point": 6
        }
    }, 
    {
        "pk": 2, 
        "model": "djangoplugins.plugin", 
        "fields": {
            "status": 0, 
            "index": 10, 
            "_order": 1, 
            "name": "dms_plugins.workers.validators.filetype.FileTypeValidationPlugin", 
            "point": 1
        }
    }, 
    {
        "pk": 6, 
        "model": "djangoplugins.plugin", 
        "fields": {
            "status": 0, 
            "index": 0, 
            "_order": 1, 
            "name": "dms_plugins.workers.security.groups.GroupSecurityRetrieval", 
            "point": 2
        }
    }, 
    {
        "pk": 13, 
        "model": "djangoplugins.plugin", 
        "fields": {
            "status": 0, 
            "index": 10, 
            "_order": 1, 
            "name": "dms_plugins.workers.security.groups.GroupSecurityRemoval", 
            "point": 3
        }
    }, 
    {
        "pk": 21, 
        "model": "djangoplugins.plugin", 
        "fields": {
            "status": 0, 
            "index": 5, 
            "_order": 1, 
            "name": "dms_plugins.workers.storage.local.LocalUpdatePlugin", 
            "point": 4
        }
    }, 
    {
        "pk": 3, 
        "model": "djangoplugins.plugin", 
        "fields": {
            "status": 0, 
            "index": 0, 
            "_order": 2, 
            "name": "dms_plugins.workers.security.groups.GroupSecurityStore", 
            "point": 1
        }
    }, 
    {
        "pk": 7, 
        "model": "djangoplugins.plugin", 
        "fields": {
            "status": 0, 
            "index": 50, 
            "_order": 2, 
            "name": "dms_plugins.workers.storage.local.LocalRetrievalPlugin", 
            "point": 2
        }
    }, 
    {
        "pk": 20, 
        "model": "djangoplugins.plugin", 
        "fields": {
            "status": 0, 
            "index": 30, 
            "_order": 2, 
            "name": "dms_plugins.workers.storage.metadata.local_json.LocalJSONMetadataRemovalPlugin", 
            "point": 3
        }
    }, 
    {
        "pk": 4, 
        "model": "djangoplugins.plugin", 
        "fields": {
            "status": 0, 
            "index": 50, 
            "_order": 3, 
            "name": "dms_plugins.workers.storage.local.LocalStoragePlugin", 
            "point": 5
        }
    }, 
    {
        "pk": 9, 
        "model": "djangoplugins.plugin", 
        "fields": {
            "status": 0, 
            "index": 90, 
            "_order": 3, 
            "name": "dms_plugins.workers.transfer.convert.ConvertFileTypePlugin", 
            "point": 2
        }
    }, 
    {
        "pk": 22, 
        "model": "djangoplugins.plugin", 
        "fields": {
            "status": 0, 
            "index": 31, 
            "_order": 3, 
            "name": "dms_plugins.workers.database.couchdb.CouchDBMetadataRemovalPlugin", 
            "point": 3
        }
    }, 
    {
        "pk": 10, 
        "model": "djangoplugins.plugin", 
        "fields": {
            "status": 0, 
            "index": 30, 
            "_order": 4, 
            "name": "dms_plugins.workers.validators.hashcode.HashCodeValidationOnStoragePlugin", 
            "point": 1
        }
    }, 
    {
        "pk": 11, 
        "model": "djangoplugins.plugin", 
        "fields": {
            "status": 0, 
            "index": 80, 
            "_order": 4, 
            "name": "dms_plugins.workers.validators.hashcode.HashCodeValidationOnRetrievalPlugin", 
            "point": 2
        }
    }, 
    {
        "pk": 14, 
        "model": "djangoplugins.plugin", 
        "fields": {
            "status": 0, 
            "index": 45, 
            "_order": 5, 
            "name": "dms_plugins.workers.storage.metadata.local_json.LocalJSONMetadataStoragePlugin", 
            "point": 5
        }
    }, 
    {
        "pk": 15, 
        "model": "djangoplugins.plugin", 
        "fields": {
            "status": 0, 
            "index": 45, 
            "_order": 5, 
            "name": "dms_plugins.workers.storage.metadata.local_json.LocalJSONMetadataRetrievalPlugin", 
            "point": 2
        }
    }, 
    {
        "pk": 17, 
        "model": "djangoplugins.plugin", 
        "fields": {
            "status": 0, 
            "index": 40, 
            "_order": 6, 
            "name": "dms_plugins.workers.info.tags.TagsPlugin", 
            "point": 2
        }
    }, 
    {
        "pk": 24, 
        "model": "djangoplugins.plugin", 
        "fields": {
            "status": 0, 
            "index": 46, 
            "_order": 7, 
            "name": "dms_plugins.workers.database.couchdb.CouchDBMetadataRetrievalPlugin", 
            "point": 2
        }
    },
    {
        "pk": 25,
        "model": "djangoplugins.plugin",
        "fields": {
            "status": 0,
            "index": 0,
            "_order": 2,
            "name": "dms_plugins.workers.database.couchdb.CouchDBMetadataUpdatePlugin",
            "point": 4
        }
    }
]
